{
"skeleton": {
	"hash": "E5R9cboxfxSjYUhqQd9WdsoQ5E0",
	"spine": "3.5.03-beta",
	"width": 196.03,
	"height": 305.44,
	"fps": 30,
	"images": "./images/"
},
"bones": [
	{ "name": "root" },
	{ "name": "hip", "parent": "root", "x": -0.02, "y": 51.91 },
	{ "name": "torso", "parent": "hip", "length": 76, "rotation": 89.46, "y": 29.83 },
	{ "name": "torso_singleton", "parent": "torso", "x": 29.02, "y": 0.47 },
	{ "name": "belt ends", "parent": "torso_singleton", "rotation": -7.18, "x": -26.76, "y": -23.48 },
	{ "name": "head", "parent": "torso", "length": 108, "rotation": 2.72, "x": 86.98, "y": 1.38 },
	{ "name": "head_singleton", "parent": "head", "x": -0.04, "y": 0.17 },
	{ "name": "hair1", "parent": "head_singleton", "rotation": -2.15, "x": 95.03, "y": -24.72 },
	{ "name": "hair2", "parent": "head_singleton", "x": 94.44, "y": -33.63 },
	{ "name": "hood end1", "parent": "head", "rotation": -1.78, "x": 55.74, "y": 34.37 },
	{ "name": "hood end2", "parent": "head", "rotation": -16.6, "x": 61.54, "y": 41.58 },
	{ "name": "left foot", "parent": "hip", "length": 61.43, "rotation": -12.11, "x": 2.45, "y": -37.2 },
	{
		"name": "left hand",
		"parent": "torso",
		"length": 37.97,
		"rotation": -122.03,
		"x": 24.83,
		"y": -51.46,
		"scaleX": 0.929,
		"scaleY": 0.929
	},
	{
		"name": "right foot",
		"parent": "hip",
		"length": 53.85,
		"rotation": -13.06,
		"x": -40.63,
		"y": -36.39,
		"scaleX": 1.021,
		"scaleY": 1.021
	},
	{
		"name": "right hand",
		"parent": "torso",
		"length": 40.66,
		"rotation": 152.53,
		"x": 40.06,
		"y": 55.49,
		"scaleX": 1.015,
		"scaleY": 1.015
	}
],
"slots": [
	{ "name": "left hand", "bone": "left hand", "attachment": "left-hand" },
	{ "name": "hood end2", "bone": "hood end2", "attachment": "hood-end2a" },
	{ "name": "hood end1", "bone": "hood end1", "attachment": "hood-end1a" },
	{ "name": "torso", "bone": "torso_singleton", "attachment": "torso" },
	{ "name": "head", "bone": "head_singleton", "attachment": "head" },
	{ "name": "left foot", "bone": "left foot", "attachment": "left-foot" },
	{ "name": "right foot", "bone": "right foot", "attachment": "right-foot" },
	{ "name": "belt ends", "bone": "belt ends", "attachment": "belt-ends" },
	{ "name": "right hand", "bone": "right hand", "attachment": "right-hand" },
	{ "name": "hair2", "bone": "hair2", "attachment": "hair-2" },
	{ "name": "hair1", "bone": "hair1", "attachment": "hair-1" }
],
"skins": {
	"default": {
		"belt ends": {
			"belt-ends": { "x": -16.39, "y": 1.8, "rotation": -94.04, "width": 45, "height": 56 }
		},
		"hair1": {
			"hair-1": { "x": -7.34, "y": -30.72, "rotation": -92.19, "width": 82, "height": 39 }
		},
		"hair2": {
			"hair-2": { "x": -16.6, "y": -22.29, "rotation": -92.19, "width": 74, "height": 43 }
		},
		"head": {
			"head": { "x": 53.11, "y": -6.82, "rotation": -89.55, "width": 116, "height": 124 }
		},
		"hood end1": {
			"hood-end1a": { "x": -36.39, "y": 3.08, "rotation": -92.19, "width": 23, "height": 84 },
			"hood-end1b": { "x": -32.65, "y": 7.9, "rotation": -93.38, "width": 28, "height": 79 },
			"hood-end1c": { "x": -29.12, "y": 9.02, "rotation": -92.19, "width": 31, "height": 70 },
			"hood-end1d": { "x": -36.08, "y": -1.16, "rotation": -92.19, "width": 29, "height": 82 },
			"hood-end1e": { "x": -34.25, "y": -4.31, "rotation": -92.19, "width": 35, "height": 78 },
			"hood-end1f": { "x": -30.94, "y": -5.56, "rotation": -92.19, "width": 39, "height": 71 }
		},
		"hood end2": {
			"hood-end2a": { "x": -34.16, "y": 3.89, "rotation": 281.09, "width": 30, "height": 76 },
			"hood-end2b": { "x": -32.77, "y": 7.69, "rotation": 281.09, "width": 38, "height": 71 },
			"hood-end2c": { "x": -29.83, "y": 10.79, "rotation": 281.09, "width": 42, "height": 64 },
			"hood-end2d": { "x": -33.2, "y": -2.45, "rotation": -78.89, "width": 23, "height": 76 },
			"hood-end2e": { "x": -31.88, "y": -5.65, "rotation": -78.89, "width": 28, "height": 74 },
			"hood-end2f": { "x": -28.62, "y": -6.39, "rotation": -78.89, "width": 31, "height": 70 }
		},
		"left foot": {
			"left-foot": { "x": 36.95, "y": 10.44, "rotation": 12.11, "width": 80, "height": 47 },
			"left-foot-bent01": { "x": 34.83, "y": 6.78, "rotation": 12.11, "width": 87, "height": 43 },
			"left-foot-bent02": { "x": 33.04, "y": 6.76, "rotation": 12.11, "width": 82, "height": 43 },
			"left-foot-side": { "x": 37.79, "y": 6.08, "rotation": 12.11, "width": 90, "height": 42 }
		},
		"left hand": {
			"left-hand": { "x": 18.27, "y": 3.7, "rotation": 5.29, "width": 52, "height": 53 }
		},
		"right foot": {
			"right-foot": { "x": 16.72, "y": -1.85, "rotation": 13.06, "width": 66, "height": 56 },
			"right-foot-bent01": { "x": 29.37, "y": 7.57, "rotation": 13.06, "width": 85, "height": 43 },
			"right-foot-bent02": { "x": 26.23, "y": 7.38, "rotation": 13.06, "width": 79, "height": 43 },
			"right-foot-side": { "x": 31.33, "y": 7.87, "rotation": 13.06, "width": 90, "height": 42 }
		},
		"right hand": {
			"right-hand": { "x": 26.54, "y": 4.34, "rotation": 111.61, "width": 56, "height": 58 }
		},
		"torso": {
			"torso": { "x": 8.62, "y": -3.29, "rotation": -95.84, "width": 77, "height": 85 }
		}
	}
},
"animations": {
	"run": {
		"slots": {
			"hood end1": {
				"attachment": [
					{ "time": 0, "name": "hood-end1b" },
					{ "time": 0.1, "name": "hood-end1b" },
					{ "time": 0.1333, "name": "hood-end1a" },
					{ "time": 0.1666, "name": "hood-end1d" },
					{ "time": 0.2, "name": "hood-end1e" },
					{ "time": 0.2333, "name": "hood-end1f" },
					{ "time": 0.3, "name": "hood-end1e" },
					{ "time": 0.3666, "name": "hood-end1d" },
					{ "time": 0.4, "name": "hood-end1a" },
					{ "time": 0.4333, "name": "hood-end1b" },
					{ "time": 0.5333, "name": "hood-end1b" },
					{ "time": 0.5666, "name": "hood-end1a" },
					{ "time": 0.6, "name": "hood-end1d" },
					{ "time": 0.6333, "name": "hood-end1e" },
					{ "time": 0.6666, "name": "hood-end1f" },
					{ "time": 0.7333, "name": "hood-end1e" },
					{ "time": 0.7666, "name": "hood-end1e" },
					{ "time": 0.8, "name": "hood-end1d" },
					{ "time": 0.8333, "name": "hood-end1a" },
					{ "time": 0.8666, "name": "hood-end1b" }
				]
			},
			"hood end2": {
				"attachment": [
					{ "time": 0, "name": "hood-end2b" },
					{ "time": 0.0333, "name": "hood-end2b" },
					{ "time": 0.0666, "name": "hood-end2a" },
					{ "time": 0.1, "name": "hood-end2d" },
					{ "time": 0.1333, "name": "hood-end2e" },
					{ "time": 0.1666, "name": "hood-end2f" },
					{ "time": 0.2333, "name": "hood-end2e" },
					{ "time": 0.3, "name": "hood-end2d" },
					{ "time": 0.3333, "name": "hood-end2a" },
					{ "time": 0.3666, "name": "hood-end2b" },
					{ "time": 0.4666, "name": "hood-end2b" },
					{ "time": 0.5, "name": "hood-end2a" },
					{ "time": 0.5333, "name": "hood-end2d" },
					{ "time": 0.5666, "name": "hood-end2e" },
					{ "time": 0.6, "name": "hood-end2f" },
					{ "time": 0.6666, "name": "hood-end2e" },
					{ "time": 0.7333, "name": "hood-end2d" },
					{ "time": 0.7666, "name": "hood-end2a" },
					{ "time": 0.8666, "name": "hood-end2b" }
				]
			},
			"left foot": {
				"attachment": [
					{ "time": 0, "name": "left-foot-side" },
					{ "time": 0.6, "name": "left-foot-bent01" },
					{ "time": 0.6666, "name": "left-foot-bent02" },
					{ "time": 0.7666, "name": "left-foot-bent01" },
					{ "time": 0.8666, "name": "left-foot-side" }
				]
			},
			"right foot": {
				"attachment": [
					{ "time": 0, "name": "right-foot-side" },
					{ "time": 0.1666, "name": "right-foot-bent01" },
					{ "time": 0.2333, "name": "right-foot-bent02" },
					{ "time": 0.3, "name": "right-foot-bent01" },
					{ "time": 0.4333, "name": "right-foot-side" }
				]
			}
		},
		"bones": {
			"left foot": {
				"rotate": [
					{ "time": 0, "angle": -146 },
					{ "time": 0.1333, "angle": -79.16 },
					{ "time": 0.2666, "angle": -33.81 },
					{ "time": 0.4333, "angle": 51.9 },
					{ "time": 0.5, "angle": 0.96 },
					{ "time": 0.5666, "angle": 0.34 },
					{ "time": 0.6999, "angle": -52.09 },
					{ "time": 0.8666, "angle": -146 }
				],
				"translate": [
					{ "time": 0, "x": -64.33, "y": 66.23 },
					{ "time": 0.1333, "x": -34.77, "y": 78.73 },
					{
						"time": 0.2666,
						"x": 2.22,
						"y": 68.77,
						"curve": [ 0.35, 0, 0.704, 1 ]
					},
					{ "time": 0.4333, "x": 43.67, "y": -9.79 },
					{ "time": 0.5, "x": 17.35, "y": 0.84 },
					{ "time": 0.5666, "x": -15.6, "y": 2.95 },
					{ "time": 0.6999, "x": -68.64, "y": 42.69 },
					{ "time": 0.8666, "x": -64.33, "y": 66.23 }
				]
			},
			"right foot": {
				"rotate": [
					{ "time": 0, "angle": 52.51 },
					{ "time": 0.0666, "angle": 3.66 },
					{ "time": 0.1333, "angle": 0.63 },
					{ "time": 0.2666, "angle": -53.09 },
					{ "time": 0.4333, "angle": -140.76 },
					{ "time": 0.5666, "angle": -105.72 },
					{ "time": 0.6999, "angle": -40.18 },
					{ "time": 0.8666, "angle": 52.51 }
				],
				"translate": [
					{ "time": 0, "x": 97.79, "y": -5.51 },
					{ "time": 0.1333, "x": 7.79, "y": 3.28 },
					{ "time": 0.2666, "x": -38.2, "y": 37.48 },
					{ "time": 0.4333, "x": -31.23, "y": 65.13 },
					{ "time": 0.5666, "x": 0.36, "y": 69.13 },
					{
						"time": 0.6999,
						"x": 44.36,
						"y": 71.35,
						"curve": [ 0.35, 0, 0.704, 1 ]
					},
					{ "time": 0.8666, "x": 97.79, "y": -5.51 }
				]
			},
			"torso": {
				"rotate": [
					{
						"time": 0,
						"angle": -34.76,
						"curve": [ 0.416, 0, 0.62, 0.99 ]
					},
					{
						"time": 0.2666,
						"angle": -11.11,
						"curve": [ 0.77, 0, 0.62, 0.99 ]
					},
					{
						"time": 0.4333,
						"angle": -34.76,
						"curve": [ 0.416, 0, 0.62, 0.99 ]
					},
					{
						"time": 0.6999,
						"angle": -11.11,
						"curve": [ 0.77, 0, 0.62, 0.99 ]
					},
					{ "time": 0.8666, "angle": -34.76 }
				],
				"translate": [
					{
						"time": 0,
						"x": -0.4,
						"y": 10.63,
						"curve": [ 0.436, 0, 0.589, 1 ]
					},
					{
						"time": 0.2666,
						"x": -16.04,
						"y": 68.2,
						"curve": [ 0.531, 0, 0.735, 1 ]
					},
					{
						"time": 0.4333,
						"x": -0.4,
						"y": 10.63,
						"curve": [ 0.436, 0, 0.589, 1 ]
					},
					{
						"time": 0.6999,
						"x": -16.04,
						"y": 68.2,
						"curve": [ 0.531, 0, 0.735, 1 ]
					},
					{ "time": 0.8666, "x": -0.4, "y": 10.63 }
				]
			},
			"left hand": {
				"rotate": [
					{
						"time": 0,
						"angle": 72.22,
						"curve": [ 0.379, 0, 0.658, 1 ]
					},
					{
						"time": 0.2666,
						"angle": 17.86,
						"curve": [ 0.379, 0, 0.658, 1 ]
					},
					{
						"time": 0.4333,
						"angle": 72.22,
						"curve": [ 0.379, 0, 0.658, 1 ]
					},
					{
						"time": 0.6999,
						"angle": 17.86,
						"curve": [ 0.379, 0, 0.658, 1 ]
					},
					{ "time": 0.8666, "angle": 72.22 }
				],
				"translate": [
					{
						"time": 0,
						"x": 51.46,
						"y": -4.94,
						"curve": [ 0.247, 0, 0.758, 1 ]
					},
					{
						"time": 0.2666,
						"x": 20.22,
						"y": -13.82,
						"curve": [ 0.247, 0, 0.758, 1 ]
					},
					{
						"time": 0.4333,
						"x": 51.46,
						"y": -4.94,
						"curve": [ 0.247, 0, 0.758, 1 ]
					},
					{
						"time": 0.6999,
						"x": 20.22,
						"y": -13.82,
						"curve": [ 0.247, 0, 0.758, 1 ]
					},
					{ "time": 0.8666, "x": 51.46, "y": -4.94 }
				]
			},
			"right hand": {
				"rotate": [
					{
						"time": 0,
						"angle": -49.84,
						"curve": [ 0.364, 0, 0.663, 1 ]
					},
					{
						"time": 0.2666,
						"angle": -31.28,
						"curve": [ 0.364, 0, 0.663, 1 ]
					},
					{
						"time": 0.4333,
						"angle": -49.84,
						"curve": [ 0.364, 0, 0.663, 1 ]
					},
					{
						"time": 0.6999,
						"angle": -31.28,
						"curve": [ 0.364, 0, 0.663, 1 ]
					},
					{ "time": 0.8666, "angle": -49.84 }
				],
				"translate": [
					{
						"time": 0,
						"x": 7.79,
						"y": 12.99,
						"curve": [ 0.284, 0, 0.764, 1 ]
					},
					{
						"time": 0.2666,
						"x": 1.27,
						"y": 12.47,
						"curve": [ 0.284, 0, 0.764, 1 ]
					},
					{
						"time": 0.4333,
						"x": 7.79,
						"y": 12.99,
						"curve": [ 0.284, 0, 0.764, 1 ]
					},
					{
						"time": 0.6999,
						"x": 1.27,
						"y": 12.47,
						"curve": [ 0.284, 0, 0.764, 1 ]
					},
					{ "time": 0.8666, "x": 7.79, "y": 12.99 }
				]
			},
			"head": {
				"rotate": [
					{
						"time": 0,
						"angle": 26.87,
						"curve": [ 0.261, 0, 0.77, 1 ]
					},
					{
						"time": 0.0666,
						"angle": 15.41,
						"curve": [ 0.247, 0, 0.577, 0.99 ]
					},
					{
						"time": 0.2666,
						"angle": -0.38,
						"curve": [ 0.583, 0, 0.649, 1.91 ]
					},
					{
						"time": 0.4333,
						"angle": 26.87,
						"curve": [ 0.261, 0, 0.77, 1 ]
					},
					{
						"time": 0.5,
						"angle": 17.67,
						"curve": [ 0.227, 0, 0.577, 0.99 ]
					},
					{
						"time": 0.6999,
						"angle": -0.38,
						"curve": [ 0.583, 0, 0.649, 1.91 ]
					},
					{ "time": 0.8666, "angle": 26.87 }
				],
				"translate": [
					{
						"time": 0,
						"x": -6.24,
						"y": -1.04,
						"curve": [ 0.316, 0, 0.692, 1 ]
					},
					{
						"time": 0.1333,
						"x": -5.23,
						"y": -9.91,
						"curve": [ 0.39, 0, 0.689, 1 ]
					},
					{
						"time": 0.2666,
						"x": 4.19,
						"y": -3.73,
						"curve": [ 0.316, 0, 0.692, 1 ]
					},
					{
						"time": 0.3666,
						"x": 11.32,
						"y": 6.51,
						"curve": [ 0.29, 0, 0.896, 1 ]
					},
					{
						"time": 0.4333,
						"x": -6.24,
						"y": -1.04,
						"curve": [ 0.316, 0, 0.692, 1 ]
					},
					{
						"time": 0.5666,
						"x": -5.23,
						"y": -9.91,
						"curve": [ 0.39, 0, 0.689, 1 ]
					},
					{
						"time": 0.6999,
						"x": 4.19,
						"y": -3.73,
						"curve": [ 0.316, 0, 0.692, 1 ]
					},
					{
						"time": 0.8,
						"x": 11.32,
						"y": 6.51,
						"curve": [ 0.29, 0, 0.896, 1 ]
					},
					{ "time": 0.8666, "x": -6.24, "y": -1.04 }
				]
			},
			"root": {
				"rotate": [
					{ "time": 0, "angle": 0, "curve": "stepped" },
					{ "time": 0.8666, "angle": 0 }
				]
			},
			"hip": {
				"rotate": [
					{ "time": 0, "angle": 0 }
				],
				"translate": [
					{ "time": 0, "x": 0, "y": 4.99 },
					{
						"time": 0.2666,
						"x": 0,
						"y": -3.03,
						"curve": [ 0.189, -0.01, 0.675, 1 ]
					},
					{
						"time": 0.3666,
						"x": 0,
						"y": 17.66,
						"curve": [ 0.31, 0, 1, 1 ]
					},
					{ "time": 0.4333, "x": 0, "y": 4.99 },
					{
						"time": 0.6999,
						"x": 0,
						"y": -0.35,
						"curve": [ 0.189, -0.01, 0.675, 1 ]
					},
					{
						"time": 0.8,
						"x": 0,
						"y": 17.66,
						"curve": [ 0.31, 0, 1, 1 ]
					},
					{ "time": 0.8666, "x": 0, "y": 4.99 }
				]
			},
			"belt ends": {
				"rotate": [
					{ "time": 0, "angle": 15.41 },
					{ "time": 0.1333, "angle": 5.94 },
					{ "time": 0.2666, "angle": 11.5 },
					{ "time": 0.4333, "angle": 15.84 },
					{ "time": 0.5666, "angle": 16.03 },
					{ "time": 0.6999, "angle": 13.7 },
					{ "time": 0.8666, "angle": 15.41 }
				],
				"translate": [
					{ "time": 0, "x": 0.05, "y": 0 },
					{ "time": 0.2666, "x": -0.01, "y": 0 },
					{ "time": 0.8666, "x": 0.05, "y": 0 }
				],
				"scale": [
					{ "time": 0, "x": 1.076, "y": 1 },
					{ "time": 0.2666, "x": 1.009, "y": 1 },
					{ "time": 0.8666, "x": 1.076, "y": 1 }
				]
			},
			"torso_singleton": {
				"translate": [
					{ "time": 0, "x": -4.18, "y": 0 },
					{ "time": 0.2666, "x": -1.81, "y": 0 },
					{ "time": 0.4333, "x": -4.18, "y": 0 },
					{ "time": 0.6999, "x": -1.81, "y": 0 },
					{ "time": 0.8666, "x": -4.18, "y": 0 }
				],
				"scale": [
					{ "time": 0, "x": 0.898, "y": 1.222 },
					{ "time": 0.0333, "x": 0.83, "y": 1.363 },
					{ "time": 0.3666, "x": 1.033, "y": 0.94 },
					{ "time": 0.4666, "x": 0.83, "y": 1.363 },
					{ "time": 0.8, "x": 1.033, "y": 0.94 },
					{ "time": 0.8666, "x": 0.898, "y": 1.222 }
				]
			},
			"hair2": {
				"rotate": [
					{ "time": 0, "angle": 10.3 },
					{ "time": 0.1, "angle": -12.85 },
					{ "time": 0.3666, "angle": 24.65 },
					{ "time": 0.4333, "angle": 10.3 },
					{ "time": 0.5333, "angle": -12.85 },
					{ "time": 0.8, "angle": 24.65 },
					{ "time": 0.8666, "angle": 10.3 }
				]
			},
			"hair1": {
				"rotate": [
					{ "time": 0, "angle": 16.2 },
					{ "time": 0.1, "angle": -13.95 },
					{ "time": 0.3666, "angle": 28.27 },
					{ "time": 0.4333, "angle": 16.2 },
					{ "time": 0.5333, "angle": -13.95 },
					{ "time": 0.8, "angle": 28.27 },
					{ "time": 0.8666, "angle": 16.2 }
				]
			},
			"head_singleton": {
				"scale": [
					{ "time": 0, "x": 1, "y": 1 },
					{ "time": 0.0666, "x": 0.91, "y": 1.13 },
					{ "time": 0.1666, "x": 1.09, "y": 1.13 },
					{ "time": 0.4333, "x": 1, "y": 1 },
					{ "time": 0.5, "x": 0.91, "y": 1.13 },
					{ "time": 0.6, "x": 1.09, "y": 1.13 },
					{ "time": 0.8666, "x": 1, "y": 1 }
				]
			},
			"hood end1": {
				"rotate": [
					{
						"time": 0,
						"angle": -79.04,
						"curve": [ 0.25, 0, 0.75, 1 ]
					},
					{
						"time": 0.1,
						"angle": -33.33,
						"curve": [ 0.25, 0, 0.75, 1 ]
					},
					{
						"time": 0.2666,
						"angle": -39.16,
						"curve": [ 0.25, 0, 0.75, 1 ]
					},
					{
						"time": 0.4333,
						"angle": -79.04,
						"curve": [ 0.25, 0, 0.75, 1 ]
					},
					{
						"time": 0.5333,
						"angle": -33.33,
						"curve": [ 0.25, 0, 0.75, 1 ]
					},
					{
						"time": 0.6999,
						"angle": -39.16,
						"curve": [ 0.25, 0, 0.75, 1 ]
					},
					{ "time": 0.8666, "angle": -79.04 }
				],
				"translate": [
					{ "time": 0, "x": 0, "y": 0 },
					{ "time": 0.1, "x": -1.35, "y": 6.14 },
					{ "time": 0.4333, "x": 0, "y": 0 },
					{ "time": 0.5333, "x": -1.35, "y": 6.14 },
					{ "time": 0.8666, "x": 0, "y": 0 }
				]
			},
			"hood end2": {
				"rotate": [
					{
						"time": 0,
						"angle": -89.63,
						"curve": [ 0.25, 0, 0.75, 1 ]
					},
					{
						"time": 0.1,
						"angle": -43.98,
						"curve": [ 0.548, 0, 0.75, 1 ]
					},
					{
						"time": 0.3,
						"angle": -51.52,
						"curve": [ 0.25, 0, 0.75, 1 ]
					},
					{
						"time": 0.4333,
						"angle": -89.63,
						"curve": [ 0.25, 0, 0.75, 1 ]
					},
					{
						"time": 0.5333,
						"angle": -43.98,
						"curve": [ 0.548, 0, 0.75, 1 ]
					},
					{
						"time": 0.7333,
						"angle": -51.52,
						"curve": [ 0.25, 0, 0.75, 1 ]
					},
					{ "time": 0.8666, "angle": -89.63 }
				],
				"translate": [
					{ "time": 0, "x": 0, "y": 0 },
					{ "time": 0.1, "x": -5.62, "y": 5.2 },
					{ "time": 0.4333, "x": 0, "y": 0 },
					{ "time": 0.5333, "x": -5.62, "y": 5.2 },
					{ "time": 0.8666, "x": 0, "y": 0 }
				]
			}
		}
	},
	"run-linear": {
		"slots": {
			"left foot": {
				"attachment": [
					{ "time": 0, "name": "left-foot-side" },
					{ "time": 0.6, "name": "left-foot-bent01" },
					{ "time": 0.6666, "name": "left-foot-bent02" },
					{ "time": 0.7666, "name": "left-foot-bent01" },
					{ "time": 0.8666, "name": "left-foot-side" }
				]
			},
			"right foot": {
				"attachment": [
					{ "time": 0, "name": "right-foot-side" },
					{ "time": 0.1666, "name": "right-foot-bent01" },
					{ "time": 0.2333, "name": "right-foot-bent02" },
					{ "time": 0.3, "name": "right-foot-bent01" },
					{ "time": 0.4333, "name": "right-foot-side" }
				]
			}
		},
		"bones": {
			"left foot": {
				"rotate": [
					{ "time": 0, "angle": -127.89 },
					{ "time": 0.1333, "angle": -79.16 },
					{ "time": 0.2666, "angle": -33.81 },
					{ "time": 0.4333, "angle": 51.9 },
					{ "time": 0.5, "angle": 2.67 },
					{ "time": 0.5666, "angle": 4.71 },
					{ "time": 0.8666, "angle": -127.89 }
				],
				"translate": [
					{ "time": 0, "x": -67.77, "y": 66.23 },
					{ "time": 0.1333, "x": -34.77, "y": 70.57 },
					{ "time": 0.2666, "x": 2.22, "y": 68.77 },
					{ "time": 0.4333, "x": 35.67, "y": -9.79 },
					{ "time": 0.5, "x": 17.17, "y": -0.23 },
					{ "time": 0.5666, "x": -1.32, "y": 0.2 },
					{ "time": 0.6999, "x": -45.32, "y": 42.16 },
					{ "time": 0.8666, "x": -67.77, "y": 66.23 }
				]
			},
			"right foot": {
				"rotate": [
					{ "time": 0, "angle": 52.51 },
					{ "time": 0.0666, "angle": 3.66 },
					{ "time": 0.0666, "angle": 0.85 },
					{ "time": 0.1333, "angle": 5.41 },
					{ "time": 0.4333, "angle": -126.4 },
					{ "time": 0.5666, "angle": -105.72 },
					{ "time": 0.6999, "angle": -40.18 },
					{ "time": 0.8666, "angle": 52.51 }
				],
				"translate": [
					{ "time": 0, "x": 82.79, "y": -5.51 },
					{ "time": 0.0666, "x": 58.29, "y": 0.26 },
					{ "time": 0.1333, "x": 33.79, "y": 1.48 },
					{ "time": 0.2666, "x": -12.2, "y": 37.48 },
					{ "time": 0.4333, "x": -31.63, "y": 65.13 },
					{ "time": 0.5666, "x": 0.36, "y": 62.13 },
					{ "time": 0.6999, "x": 44.36, "y": 71.35 },
					{ "time": 0.8666, "x": 82.79, "y": -5.51 }
				]
			},
			"torso": {
				"rotate": [
					{ "time": 0, "angle": -34.76 },
					{ "time": 0.2666, "angle": -18.25 },
					{ "time": 0.4333, "angle": -34.76 },
					{ "time": 0.6999, "angle": -18.25 },
					{ "time": 0.8666, "angle": -34.76 }
				],
				"translate": [
					{ "time": 0, "x": -10.12, "y": 0.91 },
					{ "time": 0.2666, "x": -10.12, "y": 60.08 },
					{ "time": 0.4333, "x": -10.12, "y": 0.91 },
					{ "time": 0.6999, "x": -10.12, "y": 60.08 },
					{ "time": 0.8666, "x": -10.12, "y": 0.91 }
				]
			},
			"left hand": {
				"rotate": [
					{ "time": 0, "angle": 72.22 },
					{ "time": 0.2666, "angle": 17.86 },
					{ "time": 0.4333, "angle": 72.22 },
					{ "time": 0.6999, "angle": 17.86 },
					{ "time": 0.8666, "angle": 72.22 }
				],
				"translate": [
					{ "time": 0, "x": 51.46, "y": -4.94 },
					{ "time": 0.2666, "x": 20.22, "y": -13.82 },
					{ "time": 0.4333, "x": 51.46, "y": -4.94 },
					{ "time": 0.6999, "x": 20.22, "y": -13.82 },
					{ "time": 0.8666, "x": 51.46, "y": -4.94 }
				]
			},
			"right hand": {
				"rotate": [
					{ "time": 0, "angle": -49.84 },
					{ "time": 0.2666, "angle": -31.28 },
					{ "time": 0.4333, "angle": -49.84 },
					{ "time": 0.6999, "angle": -31.28 },
					{ "time": 0.8666, "angle": -49.84 }
				],
				"translate": [
					{ "time": 0, "x": 7.79, "y": 12.99 },
					{ "time": 0.2666, "x": 1.27, "y": 12.47 },
					{ "time": 0.4333, "x": 7.79, "y": 12.99 },
					{ "time": 0.6999, "x": 1.27, "y": 12.47 },
					{ "time": 0.8666, "x": 7.79, "y": 12.99 }
				]
			},
			"head": {
				"rotate": [
					{ "time": 0, "angle": 26.87 },
					{ "time": 0.0666, "angle": 15.41 },
					{ "time": 0.2666, "angle": 16.09 },
					{ "time": 0.4333, "angle": 26.87 },
					{ "time": 0.5, "angle": 17.67 },
					{ "time": 0.6999, "angle": 16.09 },
					{ "time": 0.8666, "angle": 26.87 }
				],
				"translate": [
					{ "time": 0, "x": -6.24, "y": -1.04 },
					{ "time": 0.1333, "x": -5.23, "y": -9.91 },
					{ "time": 0.2666, "x": 4.19, "y": -3.73 },
					{ "time": 0.3666, "x": 11.32, "y": 6.51 },
					{ "time": 0.4333, "x": -6.24, "y": -1.04 },
					{ "time": 0.5666, "x": -5.23, "y": -9.91 },
					{ "time": 0.6999, "x": 4.19, "y": -3.73 },
					{ "time": 0.8, "x": 11.32, "y": 6.51 },
					{ "time": 0.8666, "x": -6.24, "y": -1.04 }
				]
			},
			"hood end1": {
				"rotate": [
					{ "time": 0, "angle": -99.92 },
					{ "time": 0.3, "angle": -32.52 },
					{ "time": 0.4333, "angle": -99.92 },
					{ "time": 0.7333, "angle": -32.52 },
					{ "time": 0.8666, "angle": -99.92 }
				],
				"translate": [
					{ "time": 0, "x": 0, "y": 0, "curve": "stepped" },
					{ "time": 0.8666, "x": 0, "y": 0 }
				]
			},
			"root": {
				"rotate": [
					{ "time": 0, "angle": 0, "curve": "stepped" },
					{ "time": 0.8666, "angle": 0 }
				],
				"translate": [
					{ "time": 0, "x": 0, "y": 0, "curve": "stepped" },
					{ "time": 0.8666, "x": 0, "y": 0 }
				]
			},
			"hip": {
				"rotate": [
					{ "time": 0, "angle": 0 }
				],
				"translate": [
					{ "time": 0, "x": 0, "y": 4.99 },
					{ "time": 0.2666, "x": 0, "y": -3.03 },
					{ "time": 0.3666, "x": 0, "y": 17.66 },
					{ "time": 0.4333, "x": 0, "y": 4.99 },
					{ "time": 0.6999, "x": 0, "y": -0.35 },
					{ "time": 0.8, "x": 0, "y": 17.66 },
					{ "time": 0.8666, "x": 0, "y": 4.99 }
				]
			},
			"belt ends": {
				"rotate": [
					{ "time": 0, "angle": 15.41 },
					{ "time": 0.1333, "angle": 5.94 },
					{ "time": 0.2666, "angle": 11.5 },
					{ "time": 0.4333, "angle": 15.84 },
					{ "time": 0.5666, "angle": 16.03 },
					{ "time": 0.6999, "angle": 13.7 },
					{ "time": 0.8666, "angle": 15.41 }
				],
				"translate": [
					{ "time": 0, "x": 0.05, "y": 0 },
					{ "time": 0.2666, "x": -0.01, "y": 0 },
					{ "time": 0.8666, "x": 0.05, "y": 0 }
				]
			},
			"torso_singleton": {
				"translate": [
					{ "time": 0, "x": -4.18, "y": 0 },
					{ "time": 0.2666, "x": -1.81, "y": 0 },
					{ "time": 0.4333, "x": -4.18, "y": 0 },
					{ "time": 0.6999, "x": -1.81, "y": 0 },
					{ "time": 0.8666, "x": -4.18, "y": 0 }
				]
			},
			"hair2": {
				"rotate": [
					{ "time": 0, "angle": 10.3 },
					{ "time": 0.1, "angle": -12.85 },
					{ "time": 0.3666, "angle": 24.65 },
					{ "time": 0.4333, "angle": 10.3 },
					{ "time": 0.5333, "angle": -12.85 },
					{ "time": 0.8, "angle": 24.65 },
					{ "time": 0.8666, "angle": 10.3 }
				]
			},
			"hair1": {
				"rotate": [
					{ "time": 0, "angle": 16.2 },
					{ "time": 0.1, "angle": -13.95 },
					{ "time": 0.3666, "angle": 28.27 },
					{ "time": 0.4333, "angle": 16.2 },
					{ "time": 0.5333, "angle": -13.95 },
					{ "time": 0.8, "angle": 28.27 },
					{ "time": 0.8666, "angle": 16.2 }
				]
			}
		}
	},
	"run-rough": {
		"slots": {
			"left foot": {
				"attachment": [
					{ "time": 0, "name": "left-foot-side" },
					{ "time": 0.6, "name": "left-foot-bent01" },
					{ "time": 0.6666, "name": "left-foot-bent02" },
					{ "time": 0.7333, "name": "left-foot-bent01" },
					{ "time": 0.8, "name": "left-foot-side" }
				]
			},
			"right foot": {
				"attachment": [
					{ "time": 0, "name": "right-foot-side" },
					{ "time": 0.2, "name": "right-foot-bent01" },
					{ "time": 0.2666, "name": "right-foot-bent02" },
					{ "time": 0.3333, "name": "right-foot-bent01" },
					{ "time": 0.4, "name": "right-foot-side" },
					{ "time": 0.8, "name": "right-foot-side" }
				]
			}
		},
		"bones": {
			"right foot": {
				"rotate": [
					{ "time": 0, "angle": 36 },
					{ "time": 0.1333, "angle": 0.65 },
					{ "time": 0.2666, "angle": -55.49 },
					{ "time": 0.4, "angle": -138.55 },
					{ "time": 0.5333, "angle": -79.47 },
					{ "time": 0.6666, "angle": -14.79 },
					{ "time": 0.8, "angle": 36 }
				],
				"translate": [
					{ "time": 0, "x": 105.36, "y": 0 },
					{ "time": 0.1333, "x": 42.18, "y": 0 },
					{ "time": 0.2, "x": 15.37, "y": 23.95 },
					{ "time": 0.2666, "x": -11.43, "y": 38.6 },
					{ "time": 0.4, "x": -35.03, "y": 83.65 },
					{ "time": 0.5333, "x": 2.14, "y": 71.49 },
					{ "time": 0.6666, "x": 71.49, "y": 43.61 },
					{ "time": 0.8, "x": 105.36, "y": 0 }
				]
			},
			"left foot": {
				"rotate": [
					{ "time": 0, "angle": -139.76 },
					{ "time": 0.1333, "angle": -82.51 },
					{ "time": 0.2666, "angle": -8.1 },
					{ "time": 0.4, "angle": 36.33 },
					{ "time": 0.5333, "angle": -2.1 },
					{ "time": 0.6666, "angle": -54.46 },
					{ "time": 0.8, "angle": -139.76 }
				],
				"translate": [
					{ "time": 0, "x": -71.5, "y": 85.79 },
					{ "time": 0.1333, "x": -32.88, "y": 71.49 },
					{ "time": 0.2666, "x": 27.16, "y": 47.9 },
					{ "time": 0.4, "x": 53.16, "y": -0.71 },
					{ "time": 0.5333, "x": -17.87, "y": 6.43 },
					{ "time": 0.6, "x": -30.38, "y": 28.95 },
					{ "time": 0.6666, "x": -42.9, "y": 45.04 },
					{ "time": 0.8, "x": -71.5, "y": 85.79 }
				]
			},
			"hip": {
				"rotate": [
					{ "time": 0, "angle": 0, "curve": "stepped" },
					{ "time": 0.8, "angle": 0 }
				],
				"translate": [
					{ "time": 0, "x": 0, "y": 0, "curve": "stepped" },
					{ "time": 0.8, "x": 0, "y": 0 }
				]
			},
			"torso": {
				"rotate": [
					{ "time": 0, "angle": -37.26 },
					{ "time": 0.1333, "angle": -16.26 },
					{ "time": 0.2666, "angle": -14.67 },
					{ "time": 0.4, "angle": -37.26 },
					{ "time": 0.5333, "angle": -16.26 },
					{ "time": 0.6666, "angle": -14.67 },
					{ "time": 0.8, "angle": -37.26 }
				],
				"translate": [
					{ "time": 0, "x": 0, "y": 5.71 },
					{ "time": 0.0666, "x": 0, "y": 10.36 },
					{ "time": 0.1333, "x": 0, "y": 30.74 },
					{ "time": 0.2666, "x": 0, "y": 47.2 },
					{ "time": 0.4, "x": 0, "y": 5.71 },
					{ "time": 0.4666, "x": 0, "y": 10.36 },
					{ "time": 0.5333, "x": 0, "y": 30.74 },
					{ "time": 0.6666, "x": 0, "y": 38.6 },
					{ "time": 0.8, "x": 0, "y": 5.71 }
				]
			},
			"torso_singleton": {
				"rotate": [
					{ "time": 0, "angle": 0, "curve": "stepped" },
					{ "time": 0.8, "angle": 0 }
				],
				"translate": [
					{ "time": 0, "x": 0, "y": 0, "curve": "stepped" },
					{ "time": 0.8, "x": 0, "y": 0 }
				]
			},
			"head": {
				"rotate": [
					{ "time": 0, "angle": 28.63 },
					{ "time": 0.1333, "angle": 8.65 },
					{ "time": 0.2666, "angle": 14.21 },
					{ "time": 0.4, "angle": 28.63 },
					{ "time": 0.5333, "angle": 8.65 },
					{ "time": 0.6666, "angle": 14.21 },
					{ "time": 0.8, "angle": 28.63 }
				],
				"translate": [
					{ "time": 0, "x": -3.26, "y": -5.2 },
					{ "time": 0.1333, "x": 3.73, "y": -0.15 },
					{ "time": 0.2666, "x": 15.23, "y": 2.34 },
					{ "time": 0.4, "x": -3.26, "y": -5.2 },
					{ "time": 0.5333, "x": 3.73, "y": -0.15 },
					{ "time": 0.6666, "x": 15.23, "y": 2.34 },
					{ "time": 0.8, "x": -3.26, "y": -5.2 }
				]
			},
			"right hand": {
				"rotate": [
					{ "time": 0, "angle": -30.81, "curve": "stepped" },
					{ "time": 0.8, "angle": -30.81 }
				],
				"translate": [
					{ "time": 0, "x": 3.14, "y": 12.09, "curve": "stepped" },
					{ "time": 0.8, "x": 3.14, "y": 12.09 }
				]
			},
			"left hand": {
				"rotate": [
					{ "time": 0, "angle": 42.99, "curve": "stepped" },
					{ "time": 0.8, "angle": 42.99 }
				],
				"translate": [
					{ "time": 0, "x": 26.59, "y": -4.52, "curve": "stepped" },
					{ "time": 0.8, "x": 26.59, "y": -4.52 }
				]
			},
			"belt ends": {
				"rotate": [
					{ "time": 0, "angle": 17.27 },
					{ "time": 0.1333, "angle": 11.49 },
					{ "time": 0.8, "angle": 17.27 }
				],
				"translate": [
					{ "time": 0, "x": 0.66, "y": 0.27, "curve": "stepped" },
					{ "time": 0.8, "x": 0.66, "y": 0.27 }
				]
			},
			"hood end1": {
				"rotate": [
					{ "time": 0, "angle": -59.04 },
					{ "time": 0.2666, "angle": -7.32 },
					{ "time": 0.4, "angle": -59.04 },
					{ "time": 0.6666, "angle": -7.32 },
					{ "time": 0.8, "angle": -59.04 }
				],
				"translate": [
					{ "time": 0, "x": 0, "y": 0, "curve": "stepped" },
					{ "time": 0.4, "x": 0, "y": 0, "curve": "stepped" },
					{ "time": 0.8, "x": 0, "y": 0 }
				]
			},
			"hair1": {
				"rotate": [
					{ "time": 0, "angle": 0, "curve": "stepped" },
					{ "time": 0.8, "angle": 0 }
				],
				"translate": [
					{ "time": 0, "x": 0, "y": 0, "curve": "stepped" },
					{ "time": 0.8, "x": 0, "y": 0 }
				]
			},
			"hair2": {
				"rotate": [
					{ "time": 0, "angle": 0, "curve": "stepped" },
					{ "time": 0.8, "angle": 0 }
				],
				"translate": [
					{ "time": 0, "x": 0, "y": 0, "curve": "stepped" },
					{ "time": 0.8, "x": 0, "y": 0 }
				]
			}
		}
	}
}
}